{
  "test/integration/FirstJourney-dbg.js": 1732104313439,
  "test/integration/pages/CustomersObjectPage.js": 1732104313435,
  "test/integration/pages/CustomersList.js": 1732104313435,
  "test/integration/opaTests.qunit.js": 1732104313423,
  "test/integration/FirstJourney.js": 1732104313439,
  "test/testsuite.qunit.js": 1732104313407,
  "xs-app.json": 1732105073129,
  "manifest.json": 1732104691940,
  "Component.js": 1732104313371,
  "test/integration/pages/CustomersList-dbg.js": 1732104313435,
  "test/integration/pages/CustomersList.js.map": 1732105084016,
  "test/integration/pages/CustomersObjectPage-dbg.js": 1732104313435,
  "test/integration/pages/CustomersObjectPage.js.map": 1732105084025,
  "test/integration/opaTests.qunit-dbg.js": 1732104313423,
  "test/integration/opaTests.qunit.js.map": 1732105084021,
  "i18n/i18n.properties": 1732104320815,
  "test/integration/FirstJourney.js.map": 1732105084021,
  "test/testsuite.qunit-dbg.js": 1732104313407,
  "test/testsuite.qunit.js.map": 1732105084019,
  "Component-dbg.js": 1732104313371,
  "Component.js.map": 1732105084021,
  "Component-preload.js": 1732105084274,
  "Component-preload.js.map": 1732105084274,
  "test/integration/opaTests.qunit.html": 1732104313423,
  "test/testsuite.qunit.html": 1732104313403,
  "test/flpSandbox.html": 1732104313403,
  "index.html": 1732104313375
}