{
  "Component-preload.js": 1732105102984,
  "xs-app.json": 1732105073129,
  "test/integration/pages/RedemptionsList.js": 1732104381200,
  "test/integration/opaTests.qunit.js": 1732104381188,
  "test/integration/FirstJourney.js": 1732104381208,
  "test/testsuite.qunit.js": 1732104381184,
  "test/integration/pages/RedemptionsObjectPage.js": 1732104381200,
  "manifest.json": 1732104691940,
  "Component.js": 1732104381140,
  "test/integration/FirstJourney-dbg.js": 1732104381208,
  "test/integration/FirstJourney.js.map": 1732105102711,
  "test/integration/opaTests.qunit-dbg.js": 1732104381188,
  "test/integration/opaTests.qunit.js.map": 1732105102701,
  "test/integration/pages/RedemptionsList-dbg.js": 1732104381200,
  "test/integration/pages/RedemptionsList.js.map": 1732105102695,
  "test/testsuite.qunit-dbg.js": 1732104381184,
  "test/testsuite.qunit.js.map": 1732105102699,
  "test/integration/pages/RedemptionsObjectPage-dbg.js": 1732104381200,
  "test/integration/pages/RedemptionsObjectPage.js.map": 1732105102697,
  "Component-dbg.js": 1732104381140,
  "Component.js.map": 1732105102699,
  "i18n/i18n.properties": 1732104389084,
  "Component-preload.js.map": 1732105102984,
  "test/integration/opaTests.qunit.html": 1732104381188,
  "test/testsuite.qunit.html": 1732104381176,
  "test/flpSandbox.html": 1732104381176,
  "index.html": 1732104381140
}