{
  "test/integration/FirstJourney.js.map": 1732105095538,
  "test/integration/opaTests.qunit.js": 1732104258131,
  "test/integration/pages/PurchasesList.js": 1732104258139,
  "test/integration/pages/PurchasesObjectPage.js": 1732104258139,
  "test/integration/FirstJourney.js": 1732104258139,
  "test/testsuite.qunit.js": 1732104258127,
  "xs-app.json": 1732105073129,
  "manifest.json": 1732104691940,
  "Component.js": 1732104258071,
  "Component-dbg.js": 1732104258071,
  "Component.js.map": 1732105095531,
  "test/integration/pages/PurchasesList-dbg.js": 1732104258139,
  "test/integration/pages/PurchasesList.js.map": 1732105095536,
  "test/integration/pages/PurchasesObjectPage-dbg.js": 1732104258139,
  "test/integration/pages/PurchasesObjectPage.js.map": 1732105095535,
  "test/integration/FirstJourney-dbg.js": 1732104258139,
  "i18n/i18n.properties": 1732104281619,
  "test/testsuite.qunit-dbg.js": 1732104258127,
  "test/testsuite.qunit.js.map": 1732105095534,
  "test/integration/opaTests.qunit-dbg.js": 1732104258131,
  "test/integration/opaTests.qunit.js.map": 1732105095536,
  "Component-preload.js": 1732105096375,
  "Component-preload.js.map": 1732105096375,
  "test/integration/opaTests.qunit.html": 1732104258131,
  "test/testsuite.qunit.html": 1732104258119,
  "test/flpSandbox.html": 1732104258119,
  "index.html": 1732104258075
}